{"cameraMode":{"drawMode":0,"name":"Shaded","section":"Shading Mode"},"sceneLighting":false,"audioPlay":false,"sceneViewState":{"m_AlwaysRefresh":false,"showFog":true,"showSkybox":false,"showFlares":true,"showImageEffects":true,"showParticleSystems":true,"showVisualEffectGraphs":true,"m_FxEnabled":true},"in2DMode":false,"pivot":{"x":0.830392599105835,"y":1.4571832418441773,"z":-0.31555378437042239},"rotation":{"x":0.27616965770721438,"y":-0.39885959029197695,"z":0.12732581794261933,"w":0.8651223182678223},"size":0.4330127537250519,"orthographic":false}