{"cameraMode":{"drawMode":0,"name":"Shaded","section":"Shading Mode"},"sceneLighting":false,"audioPlay":false,"sceneViewState":{"m_AlwaysRefresh":false,"showFog":true,"showSkybox":false,"showFlares":true,"showImageEffects":true,"showParticleSystems":true,"showVisualEffectGraphs":true,"m_FxEnabled":true},"in2DMode":false,"pivot":{"x":0.00004991888999938965,"y":1.5015102624893189,"z":-0.010000000707805157},"rotation":{"x":0.19200628995895387,"y":0.2585585117340088,"z":-0.052519865334033969,"w":0.9452633261680603},"size":2.5802037715911867,"orthographic":true}